,name,hometown,high school,school,name text,hometown text,high school text,school text,sport,college
0,shuler devontae,"Irmo, S.C. (Oak Hill Academy)",N/A,"Irmo, S.C. (Oak Hill Academy)",Last Name,HOMETOWN (Last School),N/A,HOMETOWN (Last School),mens basketball,ole_miss
1,davis terence,"Southaven, Miss. (Southaven)",N/A,"Southaven, Miss. (Southaven)",Last Name,HOMETOWN (Last School),N/A,HOMETOWN (Last School),mens basketball,ole_miss
2,tyree breein,"Somerset, N.J. (St. Joseph)",N/A,"Somerset, N.J. (St. Joseph)",Last Name,HOMETOWN (Last School),N/A,HOMETOWN (Last School),mens basketball,ole_miss
3,morgano antonio,"Morgantown, W. Va. (Morgantown)",N/A,"Morgantown, W. Va. (Morgantown)",Last Name,HOMETOWN (Last School),N/A,HOMETOWN (Last School),mens basketball,ole_miss
4,horn eric,"Los Gatos, Calif. (Cuesta)",N/A,"Los Gatos, Calif. (Cuesta)",Last Name,HOMETOWN (Last School),N/A,HOMETOWN (Last School),mens basketball,ole_miss
5,stevens bruce,"Louin, Miss. (Jones County JC)",N/A,"Louin, Miss. (Jones County JC)",Last Name,HOMETOWN (Last School),N/A,HOMETOWN (Last School),mens basketball,ole_miss
6,olejniczak dominik,"Torun, Poland (Drake)",N/A,"Torun, Poland (Drake)",Last Name,HOMETOWN (Last School),N/A,HOMETOWN (Last School),mens basketball,ole_miss
7,davis d.c.,"Purvis, Miss. (Jones County JC)",N/A,"Purvis, Miss. (Jones County JC)",Last Name,HOMETOWN (Last School),N/A,HOMETOWN (Last School),mens basketball,ole_miss
8,silins karlis,"Riga, Latvia (WEF Skola)",N/A,"Riga, Latvia (WEF Skola)",Last Name,HOMETOWN (Last School),N/A,HOMETOWN (Last School),mens basketball,ole_miss
9,tyrtyshnik ilya,"Kiev, Ukraine (GBA Prague)",N/A,"Kiev, Ukraine (GBA Prague)",Last Name,HOMETOWN (Last School),N/A,HOMETOWN (Last School),mens basketball,ole_miss
0,allen crystal,"Fort Worth, Texas (UT-Arlington)",N/A,"Fort Worth, Texas (UT-Arlington)",Last Name,HOMETOWN (Last School),N/A,HOMETOWN (Last School),womens basketball,ole_miss
1,cage deja,"Chicago, Ill. (DePaul)",N/A,"Chicago, Ill. (DePaul)",Last Name,HOMETOWN (Last School),N/A,HOMETOWN (Last School),womens basketball,ole_miss
2,dozier shannon,"Washington, D.C. (Odessa College)",N/A,"Washington, D.C. (Odessa College)",Last Name,HOMETOWN (Last School),N/A,HOMETOWN (Last School),womens basketball,ole_miss
3,dunlap jhileiya,"Columbia, S.C. (Gulf Coast State CC)",N/A,"Columbia, S.C. (Gulf Coast State CC)",Last Name,HOMETOWN (Last School),N/A,HOMETOWN (Last School),womens basketball,ole_miss
4,glover bree,"Glasgow, Ky. (Glasgow H.S.)",N/A,"Glasgow, Ky. (Glasgow H.S.)",Last Name,HOMETOWN (Last School),N/A,HOMETOWN (Last School),womens basketball,ole_miss
5,kitchens iyanla,"Lithonia, Ga. (Arabia Mountain HS)",N/A,"Lithonia, Ga. (Arabia Mountain HS)",Last Name,HOMETOWN (Last School),N/A,HOMETOWN (Last School),womens basketball,ole_miss
6,lewis torri,"Olive Branch, Miss. (Homeschool)",N/A,"Olive Branch, Miss. (Homeschool)",Last Name,HOMETOWN (Last School),N/A,HOMETOWN (Last School),womens basketball,ole_miss
7,matthews mahogany,"Raeford, N.C. (Hoke County HS)",N/A,"Raeford, N.C. (Hoke County HS)",Last Name,HOMETOWN (Last School),N/A,HOMETOWN (Last School),womens basketball,ole_miss
8,muhate cecilia,"Madrid, Spain (Arturo Soria)",N/A,"Madrid, Spain (Arturo Soria)",Last Name,HOMETOWN (Last School),N/A,HOMETOWN (Last School),womens basketball,ole_miss
9,reid mimi,"Bronx, N.Y. (The Patrick School)",N/A,"Bronx, N.Y. (The Patrick School)",Last Name,HOMETOWN (Last School),N/A,HOMETOWN (Last School),womens basketball,ole_miss
10,salter la'karis,"Tallahassee, Fla. (Jacksonville)",N/A,"Tallahassee, Fla. (Jacksonville)",Last Name,HOMETOWN (Last School),N/A,HOMETOWN (Last School),womens basketball,ole_miss
11,sessom shandricka,"Byhalia, Miss. (Byhalia H.S.)",N/A,"Byhalia, Miss. (Byhalia H.S.)",Last Name,HOMETOWN (Last School),N/A,HOMETOWN (Last School),womens basketball,ole_miss
12,smith taylor,"Marietta, Ga. (Marietta HS)",N/A,"Marietta, Ga. (Marietta HS)",Last Name,HOMETOWN (Last School),N/A,HOMETOWN (Last School),womens basketball,ole_miss
13,turner marquia,"Canton, Ohio (Cleveland State)",N/A,"Canton, Ohio (Cleveland State)",Last Name,HOMETOWN (Last School),N/A,HOMETOWN (Last School),womens basketball,ole_miss
0,adams jacob,"Conway, Ark. (Crowder College)",N/A,"Conway, Ark. (Crowder College)",Last Name,HOMETOWN (Last School),N/A,HOMETOWN (Last School),baseball,ole_miss
1,olenek ryan,"Winter Park, Fla. (Trinity Prep)",N/A,"Winter Park, Fla. (Trinity Prep)",Last Name,HOMETOWN (Last School),N/A,HOMETOWN (Last School),baseball,ole_miss
2,servideo anthony,"Jupiter, Fla. (Jupiter HS)",N/A,"Jupiter, Fla. (Jupiter HS)",Last Name,HOMETOWN (Last School),N/A,HOMETOWN (Last School),baseball,ole_miss
3,fernandez emanuel,"Lake Worth, Fla. (Park Vista)",N/A,"Lake Worth, Fla. (Park Vista)",Last Name,HOMETOWN (Last School),N/A,HOMETOWN (Last School),baseball,ole_miss
4,dillard thomas,"Oxford, Miss. (Oxford)",N/A,"Oxford, Miss. (Oxford)",Last Name,HOMETOWN (Last School),N/A,HOMETOWN (Last School),baseball,ole_miss
5,fortes nick,"Deland, Fla. (Deland)",N/A,"Deland, Fla. (Deland)",Last Name,HOMETOWN (Last School),N/A,HOMETOWN (Last School),baseball,ole_miss
6,golsan will,"Columbus, Miss. (New Hope)",N/A,"Columbus, Miss. (New Hope)",Last Name,HOMETOWN (Last School),N/A,HOMETOWN (Last School),baseball,ole_miss
7,spears michael,"Winter Park, Fla. (Orangewood Christian)",N/A,"Winter Park, Fla. (Orangewood Christian)",Last Name,HOMETOWN (Last School),N/A,HOMETOWN (Last School),baseball,ole_miss
8,keenan tyler,"Clayton, N.C. (Cleveland)",N/A,"Clayton, N.C. (Cleveland)",Last Name,HOMETOWN (Last School),N/A,HOMETOWN (Last School),baseball,ole_miss
9,cockrell chase,"Bastrop, La. (Hinds CC)",N/A,"Bastrop, La. (Hinds CC)",Last Name,HOMETOWN (Last School),N/A,HOMETOWN (Last School),baseball,ole_miss
10,holston greer,"Long Beach, Miss. (IMG Academy)",N/A,"Long Beach, Miss. (IMG Academy)",Last Name,HOMETOWN (Last School),N/A,HOMETOWN (Last School),baseball,ole_miss
11,johnson cooper,"Mundelein, Ill. (Carmel Catholic)",N/A,"Mundelein, Ill. (Carmel Catholic)",Last Name,HOMETOWN (Last School),N/A,HOMETOWN (Last School),baseball,ole_miss
12,zabowski cole,"Lawrenceville, Ga. (Collins Hill)",N/A,"Lawrenceville, Ga. (Collins Hill)",Last Name,HOMETOWN (Last School),N/A,HOMETOWN (Last School),baseball,ole_miss
13,kessinger grae,"Oxford, Miss. (Oxford)",N/A,"Oxford, Miss. (Oxford)",Last Name,HOMETOWN (Last School),N/A,HOMETOWN (Last School),baseball,ole_miss
14,stokes will,"Meridian, Miss. (West Lauderdale)",N/A,"Meridian, Miss. (West Lauderdale)",Last Name,HOMETOWN (Last School),N/A,HOMETOWN (Last School),baseball,ole_miss
15,green connor,"Collierville, Tenn. (St. George's Independent School)",N/A,"Collierville, Tenn. (St. George's Independent School)",Last Name,HOMETOWN (Last School),N/A,HOMETOWN (Last School),baseball,ole_miss
16,ethridge will,"Lilburn, Ga. (Parkview)",N/A,"Lilburn, Ga. (Parkview)",Last Name,HOMETOWN (Last School),N/A,HOMETOWN (Last School),baseball,ole_miss
17,fowler jordan,"Union City, Tenn. (Dyer County)",N/A,"Union City, Tenn. (Dyer County)",Last Name,HOMETOWN (Last School),N/A,HOMETOWN (Last School),baseball,ole_miss
18,rolison ryan,"Jackson, Tenn. (University of Jackson)",N/A,"Jackson, Tenn. (University of Jackson)",Last Name,HOMETOWN (Last School),N/A,HOMETOWN (Last School),baseball,ole_miss
19,elko tim,"Lutz, Fla. (Hillborough)",N/A,"Lutz, Fla. (Hillborough)",Last Name,HOMETOWN (Last School),N/A,HOMETOWN (Last School),baseball,ole_miss
20,mcarthur james,"New Braunfels, Texas (New Braunfels)",N/A,"New Braunfels, Texas (New Braunfels)",Last Name,HOMETOWN (Last School),N/A,HOMETOWN (Last School),baseball,ole_miss
21,seamster bryan,"Roanoke, Texas (Byron Nelson)",N/A,"Roanoke, Texas (Byron Nelson)",Last Name,HOMETOWN (Last School),N/A,HOMETOWN (Last School),baseball,ole_miss
22,miller austin,"North Liberty, Iowa (Kirkwood CC)",N/A,"North Liberty, Iowa (Kirkwood CC)",Last Name,HOMETOWN (Last School),N/A,HOMETOWN (Last School),baseball,ole_miss
23,cioffi max,"Chicago, Ill. (Saint Patrick HS)",N/A,"Chicago, Ill. (Saint Patrick HS)",Last Name,HOMETOWN (Last School),N/A,HOMETOWN (Last School),baseball,ole_miss
24,coates colin,"Southaven, Miss. (Hinds CC)",N/A,"Southaven, Miss. (Hinds CC)",Last Name,HOMETOWN (Last School),N/A,HOMETOWN (Last School),baseball,ole_miss
25,fitzsimmons michael,"Eads, Tenn. (Memphis University)",N/A,"Eads, Tenn. (Memphis University)",Last Name,HOMETOWN (Last School),N/A,HOMETOWN (Last School),baseball,ole_miss
26,gillespie golston,"Ila, Ga. (Madison County)",N/A,"Ila, Ga. (Madison County)",Last Name,HOMETOWN (Last School),N/A,HOMETOWN (Last School),baseball,ole_miss
27,feigl brady,"Chesterfield, Mo. (Central)",N/A,"Chesterfield, Mo. (Central)",Last Name,HOMETOWN (Last School),N/A,HOMETOWN (Last School),baseball,ole_miss
28,roth houston,"Oxford, Miss. (Oxford)",N/A,"Oxford, Miss. (Oxford)",Last Name,HOMETOWN (Last School),N/A,HOMETOWN (Last School),baseball,ole_miss
29,smith pierce,"Marietta, Ga. (Chattahoochee Valley CC)",N/A,"Marietta, Ga. (Chattahoochee Valley CC)",Last Name,HOMETOWN (Last School),N/A,HOMETOWN (Last School),baseball,ole_miss
30,rowe tim,"Hernando, Miss. (Itawamba CC)",N/A,"Hernando, Miss. (Itawamba CC)",Last Name,HOMETOWN (Last School),N/A,HOMETOWN (Last School),baseball,ole_miss
31,gindl carl,"Cantonment, Fla. (Pensacola Catholic)",N/A,"Cantonment, Fla. (Pensacola Catholic)",Last Name,HOMETOWN (Last School),N/A,HOMETOWN (Last School),baseball,ole_miss
32,myers matt,"Jackson, Miss. (Jackson Prep)",N/A,"Jackson, Miss. (Jackson Prep)",Last Name,HOMETOWN (Last School),N/A,HOMETOWN (Last School),baseball,ole_miss
33,caracci parker,"Jackson, Miss. (Jackson Prep)",N/A,"Jackson, Miss. (Jackson Prep)",Last Name,HOMETOWN (Last School),N/A,HOMETOWN (Last School),baseball,ole_miss
0,brown a.j.,"Starkville, Miss./Starkville","Starkville, Miss./Starkville","Starkville, Miss./Starkville",Last Name,HOMETOWN/HIGH SCHOOL/LAST COLLEGE,HOMETOWN/HIGH SCHOOL/LAST COLLEGE,HOMETOWN/HIGH SCHOOL/LAST COLLEGE,football,ole_miss
1,corral matt,"Ventura, Calif./Long Beach Poly","Ventura, Calif./Long Beach Poly","Ventura, Calif./Long Beach Poly",Last Name,HOMETOWN/HIGH SCHOOL/LAST COLLEGE,HOMETOWN/HIGH SCHOOL/LAST COLLEGE,HOMETOWN/HIGH SCHOOL/LAST COLLEGE,football,ole_miss
2,dasher vernon,"Baxley, Ga./Appling County/Coffeyville CC","Baxley, Ga./Appling County/Coffeyville CC","Baxley, Ga./Appling County/Coffeyville CC",Last Name,HOMETOWN/HIGH SCHOOL/LAST COLLEGE,HOMETOWN/HIGH SCHOOL/LAST COLLEGE,HOMETOWN/HIGH SCHOOL/LAST COLLEGE,football,ole_miss
3,gregory demarcus,"Duncan, S.C./Byrnes","Duncan, S.C./Byrnes","Duncan, S.C./Byrnes",Last Name,HOMETOWN/HIGH SCHOOL/LAST COLLEGE,HOMETOWN/HIGH SCHOOL/LAST COLLEGE,HOMETOWN/HIGH SCHOOL/LAST COLLEGE,football,ole_miss
4,carter jacob,"Pontotoc, Miss./Pontotoc/East Central CC","Pontotoc, Miss./Pontotoc/East Central CC","Pontotoc, Miss./Pontotoc/East Central CC",Last Name,HOMETOWN/HIGH SCHOOL/LAST COLLEGE,HOMETOWN/HIGH SCHOOL/LAST COLLEGE,HOMETOWN/HIGH SCHOOL/LAST COLLEGE,football,ole_miss
5,evans victor,"Dallas, Texas/Skyline","Dallas, Texas/Skyline","Dallas, Texas/Skyline",Last Name,HOMETOWN/HIGH SCHOOL/LAST COLLEGE,HOMETOWN/HIGH SCHOOL/LAST COLLEGE,HOMETOWN/HIGH SCHOOL/LAST COLLEGE,football,ole_miss
6,lodge damarkus,"Cedar Hill, Texas/Cedar Hill","Cedar Hill, Texas/Cedar Hill","Cedar Hill, Texas/Cedar Hill",Last Name,HOMETOWN/HIGH SCHOOL/LAST COLLEGE,HOMETOWN/HIGH SCHOOL/LAST COLLEGE,HOMETOWN/HIGH SCHOOL/LAST COLLEGE,football,ole_miss
7,webster ken,"Decatur, Ga./Stockbridge","Decatur, Ga./Stockbridge","Decatur, Ga./Stockbridge",Last Name,HOMETOWN/HIGH SCHOOL/LAST COLLEGE,HOMETOWN/HIGH SCHOOL/LAST COLLEGE,HOMETOWN/HIGH SCHOOL/LAST COLLEGE,football,ole_miss
8,white kam,"Clinton, Miss./Clinton","Clinton, Miss./Clinton","Clinton, Miss./Clinton",Last Name,HOMETOWN/HIGH SCHOOL/LAST COLLEGE,HOMETOWN/HIGH SCHOOL/LAST COLLEGE,HOMETOWN/HIGH SCHOOL/LAST COLLEGE,football,ole_miss
9,pellerin jason,"New Iberia, La./New Iberia Catholic","New Iberia, La./New Iberia Catholic","New Iberia, La./New Iberia Catholic",Last Name,HOMETOWN/HIGH SCHOOL/LAST COLLEGE,HOMETOWN/HIGH SCHOOL/LAST COLLEGE,HOMETOWN/HIGH SCHOOL/LAST COLLEGE,football,ole_miss
10,miller c.j.,"Powder Springs, Ga./McEachern","Powder Springs, Ga./McEachern","Powder Springs, Ga./McEachern",Last Name,HOMETOWN/HIGH SCHOOL/LAST COLLEGE,HOMETOWN/HIGH SCHOOL/LAST COLLEGE,HOMETOWN/HIGH SCHOOL/LAST COLLEGE,football,ole_miss
11,knox dawson,"Brentwood, Tenn./Brentwood Academy","Brentwood, Tenn./Brentwood Academy","Brentwood, Tenn./Brentwood Academy",Last Name,HOMETOWN/HIGH SCHOOL/LAST COLLEGE,HOMETOWN/HIGH SCHOOL/LAST COLLEGE,HOMETOWN/HIGH SCHOOL/LAST COLLEGE,football,ole_miss
12,ta'amu jordan,"Pearl City, Hawaii/Pearl City/New Mexico Military","Pearl City, Hawaii/Pearl City/New Mexico Military","Pearl City, Hawaii/Pearl City/New Mexico Military",Last Name,HOMETOWN/HIGH SCHOOL/LAST COLLEGE,HOMETOWN/HIGH SCHOOL/LAST COLLEGE,HOMETOWN/HIGH SCHOOL/LAST COLLEGE,football,ole_miss
13,harris a.j.,"Madison, Ala./Bob Jones","Madison, Ala./Bob Jones","Madison, Ala./Bob Jones",Last Name,HOMETOWN/HIGH SCHOOL/LAST COLLEGE,HOMETOWN/HIGH SCHOOL/LAST COLLEGE,HOMETOWN/HIGH SCHOOL/LAST COLLEGE,football,ole_miss
14,robinson austrian,"New York, N.Y./Trinity-Pawling School","New York, N.Y./Trinity-Pawling School","New York, N.Y./Trinity-Pawling School",Last Name,HOMETOWN/HIGH SCHOOL/LAST COLLEGE,HOMETOWN/HIGH SCHOOL/LAST COLLEGE,HOMETOWN/HIGH SCHOOL/LAST COLLEGE,football,ole_miss
15,restmeyer grant,"McKinney, Texas/McKinney Boyd","McKinney, Texas/McKinney Boyd","McKinney, Texas/McKinney Boyd",Last Name,HOMETOWN/HIGH SCHOOL/LAST COLLEGE,HOMETOWN/HIGH SCHOOL/LAST COLLEGE,HOMETOWN/HIGH SCHOOL/LAST COLLEGE,football,ole_miss
16,sanders braylon,"Hogansville, Ga./Callaway","Hogansville, Ga./Callaway","Hogansville, Ga./Callaway",Last Name,HOMETOWN/HIGH SCHOOL/LAST COLLEGE,HOMETOWN/HIGH SCHOOL/LAST COLLEGE,HOMETOWN/HIGH SCHOOL/LAST COLLEGE,football,ole_miss
17,baker zikerrion,"Mooringsport, La./Minden","Mooringsport, La./Minden","Mooringsport, La./Minden",Last Name,HOMETOWN/HIGH SCHOOL/LAST COLLEGE,HOMETOWN/HIGH SCHOOL/LAST COLLEGE,HOMETOWN/HIGH SCHOOL/LAST COLLEGE,football,ole_miss
18,metcalf d.k.,"Oxford, Miss./Oxford","Oxford, Miss./Oxford","Oxford, Miss./Oxford",Last Name,HOMETOWN/HIGH SCHOOL/LAST COLLEGE,HOMETOWN/HIGH SCHOOL/LAST COLLEGE,HOMETOWN/HIGH SCHOOL/LAST COLLEGE,football,ole_miss
19,cooley octavious,"Laurel, Miss./Laurel","Laurel, Miss./Laurel","Laurel, Miss./Laurel",Last Name,HOMETOWN/HIGH SCHOOL/LAST COLLEGE,HOMETOWN/HIGH SCHOOL/LAST COLLEGE,HOMETOWN/HIGH SCHOOL/LAST COLLEGE,football,ole_miss
20,hartsfield myles,"Sayreville, N.J./East Coast Prep","Sayreville, N.J./East Coast Prep","Sayreville, N.J./East Coast Prep",Last Name,HOMETOWN/HIGH SCHOOL/LAST COLLEGE,HOMETOWN/HIGH SCHOOL/LAST COLLEGE,HOMETOWN/HIGH SCHOOL/LAST COLLEGE,football,ole_miss
21,angel gabe,"Lebanon, Tenn./Cookeville","Lebanon, Tenn./Cookeville","Lebanon, Tenn./Cookeville",Last Name,HOMETOWN/HIGH SCHOOL/LAST COLLEGE,HOMETOWN/HIGH SCHOOL/LAST COLLEGE,HOMETOWN/HIGH SCHOOL/LAST COLLEGE,football,ole_miss
22,allen floyd,"Houston, Texas/Nimitz/Bethany/El Camino College","Houston, Texas/Nimitz/Bethany/El Camino College","Houston, Texas/Nimitz/Bethany/El Camino College",Last Name,HOMETOWN/HIGH SCHOOL/LAST COLLEGE,HOMETOWN/HIGH SCHOOL/LAST COLLEGE,HOMETOWN/HIGH SCHOOL/LAST COLLEGE,football,ole_miss
23,hibbler willie,"Sardis, Miss./North Panola","Sardis, Miss./North Panola","Sardis, Miss./North Panola",Last Name,HOMETOWN/HIGH SCHOOL/LAST COLLEGE,HOMETOWN/HIGH SCHOOL/LAST COLLEGE,HOMETOWN/HIGH SCHOOL/LAST COLLEGE,football,ole_miss
24,faniel alex,"Glen Allen, Va./Glen Allen","Glen Allen, Va./Glen Allen","Glen Allen, Va./Glen Allen",Last Name,HOMETOWN/HIGH SCHOOL/LAST COLLEGE,HOMETOWN/HIGH SCHOOL/LAST COLLEGE,HOMETOWN/HIGH SCHOOL/LAST COLLEGE,football,ole_miss
25,winters markel,"Tallahassee, Fla./Rickards/East Carolina/Jones County JC","Tallahassee, Fla./Rickards/East Carolina/Jones County JC","Tallahassee, Fla./Rickards/East Carolina/Jones County JC",Last Name,HOMETOWN/HIGH SCHOOL/LAST COLLEGE,HOMETOWN/HIGH SCHOOL/LAST COLLEGE,HOMETOWN/HIGH SCHOOL/LAST COLLEGE,football,ole_miss
26,hamilton javien,"Louin, Miss./Bay Springs/Jones County JC","Louin, Miss./Bay Springs/Jones County JC","Louin, Miss./Bay Springs/Jones County JC",Last Name,HOMETOWN/HIGH SCHOOL/LAST COLLEGE,HOMETOWN/HIGH SCHOOL/LAST COLLEGE,HOMETOWN/HIGH SCHOOL/LAST COLLEGE,football,ole_miss
27,wells keshun,"Moss Point, Miss./Moss Point/Mississippi Gulf Coast CC","Moss Point, Miss./Moss Point/Mississippi Gulf Coast CC","Moss Point, Miss./Moss Point/Mississippi Gulf Coast CC",Last Name,HOMETOWN/HIGH SCHOOL/LAST COLLEGE,HOMETOWN/HIGH SCHOOL/LAST COLLEGE,HOMETOWN/HIGH SCHOOL/LAST COLLEGE,football,ole_miss
28,phillips scottie,"Ellisville, Miss./South Jones/Jones County JC","Ellisville, Miss./South Jones/Jones County JC","Ellisville, Miss./South Jones/Jones County JC",Last Name,HOMETOWN/HIGH SCHOOL/LAST COLLEGE,HOMETOWN/HIGH SCHOOL/LAST COLLEGE,HOMETOWN/HIGH SCHOOL/LAST COLLEGE,football,ole_miss
29,swinney eric,"Riverdale, Ga./Sandy Creek","Riverdale, Ga./Sandy Creek","Riverdale, Ga./Sandy Creek",Last Name,HOMETOWN/HIGH SCHOOL/LAST COLLEGE,HOMETOWN/HIGH SCHOOL/LAST COLLEGE,HOMETOWN/HIGH SCHOOL/LAST COLLEGE,football,ole_miss
30,buford d.k.,"Oxford, Miss./Lafayette","Oxford, Miss./Lafayette","Oxford, Miss./Lafayette",Last Name,HOMETOWN/HIGH SCHOOL/LAST COLLEGE,HOMETOWN/HIGH SCHOOL/LAST COLLEGE,HOMETOWN/HIGH SCHOOL/LAST COLLEGE,football,ole_miss
31,custis montrell,"Jonesboro, Ga./Lovejoy","Jonesboro, Ga./Lovejoy","Jonesboro, Ga./Lovejoy",Last Name,HOMETOWN/HIGH SCHOOL/LAST COLLEGE,HOMETOWN/HIGH SCHOOL/LAST COLLEGE,HOMETOWN/HIGH SCHOOL/LAST COLLEGE,football,ole_miss
32,vanronzelen jake,"Jefferson City, Mo./Blair Oaks","Jefferson City, Mo./Blair Oaks","Jefferson City, Mo./Blair Oaks",Last Name,HOMETOWN/HIGH SCHOOL/LAST COLLEGE,HOMETOWN/HIGH SCHOOL/LAST COLLEGE,HOMETOWN/HIGH SCHOOL/LAST COLLEGE,football,ole_miss
33,woullard isaiah,"Hattiesburg, Miss./Presbyterian Christian","Hattiesburg, Miss./Presbyterian Christian","Hattiesburg, Miss./Presbyterian Christian",Last Name,HOMETOWN/HIGH SCHOOL/LAST COLLEGE,HOMETOWN/HIGH SCHOOL/LAST COLLEGE,HOMETOWN/HIGH SCHOOL/LAST COLLEGE,football,ole_miss
34,ordway cam,"Pulaski, Tenn./Giles County","Pulaski, Tenn./Giles County","Pulaski, Tenn./Giles County",Last Name,HOMETOWN/HIGH SCHOOL/LAST COLLEGE,HOMETOWN/HIGH SCHOOL/LAST COLLEGE,HOMETOWN/HIGH SCHOOL/LAST COLLEGE,football,ole_miss
35,pennamon d'vaughn,"Houston, Texas/Manvel","Houston, Texas/Manvel","Houston, Texas/Manvel",Last Name,HOMETOWN/HIGH SCHOOL/LAST COLLEGE,HOMETOWN/HIGH SCHOOL/LAST COLLEGE,HOMETOWN/HIGH SCHOOL/LAST COLLEGE,football,ole_miss
36,linton armani,"Walnut, Miss./Walnut","Walnut, Miss./Walnut","Walnut, Miss./Walnut",Last Name,HOMETOWN/HIGH SCHOOL/LAST COLLEGE,HOMETOWN/HIGH SCHOOL/LAST COLLEGE,HOMETOWN/HIGH SCHOOL/LAST COLLEGE,football,ole_miss
37,jones jaylon,"Allen, Texas/Allen","Allen, Texas/Allen","Allen, Texas/Allen",Last Name,HOMETOWN/HIGH SCHOOL/LAST COLLEGE,HOMETOWN/HIGH SCHOOL/LAST COLLEGE,HOMETOWN/HIGH SCHOOL/LAST COLLEGE,football,ole_miss
38,clarke josh,"Jefferson, La./Riverdale","Jefferson, La./Riverdale","Jefferson, La./Riverdale",Last Name,HOMETOWN/HIGH SCHOOL/LAST COLLEGE,HOMETOWN/HIGH SCHOOL/LAST COLLEGE,HOMETOWN/HIGH SCHOOL/LAST COLLEGE,football,ole_miss
39,johnson jerry,"Starkville, Miss./Starkville/Mississippi Delta CC","Starkville, Miss./Starkville/Mississippi Delta CC","Starkville, Miss./Starkville/Mississippi Delta CC",Last Name,HOMETOWN/HIGH SCHOOL/LAST COLLEGE,HOMETOWN/HIGH SCHOOL/LAST COLLEGE,HOMETOWN/HIGH SCHOOL/LAST COLLEGE,football,ole_miss
40,curtis shawn,"Doral, Fla./Ronald W. Reagan","Doral, Fla./Ronald W. Reagan","Doral, Fla./Ronald W. Reagan",Last Name,HOMETOWN/HIGH SCHOOL/LAST COLLEGE,HOMETOWN/HIGH SCHOOL/LAST COLLEGE,HOMETOWN/HIGH SCHOOL/LAST COLLEGE,football,ole_miss
41,evans donta,"Lawrenceville, Ga./Archer","Lawrenceville, Ga./Archer","Lawrenceville, Ga./Archer",Last Name,HOMETOWN/HIGH SCHOOL/LAST COLLEGE,HOMETOWN/HIGH SCHOOL/LAST COLLEGE,HOMETOWN/HIGH SCHOOL/LAST COLLEGE,football,ole_miss
42,woods zedrick,"Lake City, Fla./Columbia","Lake City, Fla./Columbia","Lake City, Fla./Columbia",Last Name,HOMETOWN/HIGH SCHOOL/LAST COLLEGE,HOMETOWN/HIGH SCHOOL/LAST COLLEGE,HOMETOWN/HIGH SCHOOL/LAST COLLEGE,football,ole_miss
43,mitchell art,"Yazoo City, Miss./Yazoo City","Yazoo City, Miss./Yazoo City","Yazoo City, Miss./Yazoo City",Last Name,HOMETOWN/HIGH SCHOOL/LAST COLLEGE,HOMETOWN/HIGH SCHOOL/LAST COLLEGE,HOMETOWN/HIGH SCHOOL/LAST COLLEGE,football,ole_miss
44,moore c.j.,"Bassfield, Miss./Bassfield","Bassfield, Miss./Bassfield","Bassfield, Miss./Bassfield",Last Name,HOMETOWN/HIGH SCHOOL/LAST COLLEGE,HOMETOWN/HIGH SCHOOL/LAST COLLEGE,HOMETOWN/HIGH SCHOOL/LAST COLLEGE,football,ole_miss
45,fountain kweisi,"Biloxi, Miss./Biloxi","Biloxi, Miss./Biloxi","Biloxi, Miss./Biloxi",Last Name,HOMETOWN/HIGH SCHOOL/LAST COLLEGE,HOMETOWN/HIGH SCHOOL/LAST COLLEGE,HOMETOWN/HIGH SCHOOL/LAST COLLEGE,football,ole_miss
46,coatney josiah,"Douglasville, Ga./Chapel Hill/Holmes CC","Douglasville, Ga./Chapel Hill/Holmes CC","Douglasville, Ga./Chapel Hill/Holmes CC",Last Name,HOMETOWN/HIGH SCHOOL/LAST COLLEGE,HOMETOWN/HIGH SCHOOL/LAST COLLEGE,HOMETOWN/HIGH SCHOOL/LAST COLLEGE,football,ole_miss
47,williams brenden,"Birmingham, Ala./Restoration Academy/Northeast Mississippi CC","Birmingham, Ala./Restoration Academy/Northeast Mississippi CC","Birmingham, Ala./Restoration Academy/Northeast Mississippi CC",Last Name,HOMETOWN/HIGH SCHOOL/LAST COLLEGE,HOMETOWN/HIGH SCHOOL/LAST COLLEGE,HOMETOWN/HIGH SCHOOL/LAST COLLEGE,football,ole_miss
48,bing-dukes detric,"Tucker, Ga./Tucker/Georgia/Iowa Western CC","Tucker, Ga./Tucker/Georgia/Iowa Western CC","Tucker, Ga./Tucker/Georgia/Iowa Western CC",Last Name,HOMETOWN/HIGH SCHOOL/LAST COLLEGE,HOMETOWN/HIGH SCHOOL/LAST COLLEGE,HOMETOWN/HIGH SCHOOL/LAST COLLEGE,football,ole_miss
49,johnson amani,"Abbeville, Miss./Lafayette","Abbeville, Miss./Lafayette","Abbeville, Miss./Lafayette",Last Name,HOMETOWN/HIGH SCHOOL/LAST COLLEGE,HOMETOWN/HIGH SCHOOL/LAST COLLEGE,HOMETOWN/HIGH SCHOOL/LAST COLLEGE,football,ole_miss
50,sanogo mohamed,"Plano, Texas/Plano West","Plano, Texas/Plano West","Plano, Texas/Plano West",Last Name,HOMETOWN/HIGH SCHOOL/LAST COLLEGE,HOMETOWN/HIGH SCHOOL/LAST COLLEGE,HOMETOWN/HIGH SCHOOL/LAST COLLEGE,football,ole_miss
51,rocconi ty,"Mobile, Ala./UMS-Wright Prep","Mobile, Ala./UMS-Wright Prep","Mobile, Ala./UMS-Wright Prep",Last Name,HOMETOWN/HIGH SCHOOL/LAST COLLEGE,HOMETOWN/HIGH SCHOOL/LAST COLLEGE,HOMETOWN/HIGH SCHOOL/LAST COLLEGE,football,ole_miss
52,labanc ryan,"Willoughby, Ohio/Notre Dame-Cathedral Latin","Willoughby, Ohio/Notre Dame-Cathedral Latin","Willoughby, Ohio/Notre Dame-Cathedral Latin",Last Name,HOMETOWN/HIGH SCHOOL/LAST COLLEGE,HOMETOWN/HIGH SCHOOL/LAST COLLEGE,HOMETOWN/HIGH SCHOOL/LAST COLLEGE,football,ole_miss
53,rawlings sean,"Madison, Miss./Madison Ridgeland Academy","Madison, Miss./Madison Ridgeland Academy","Madison, Miss./Madison Ridgeland Academy",Last Name,HOMETOWN/HIGH SCHOOL/LAST COLLEGE,HOMETOWN/HIGH SCHOOL/LAST COLLEGE,HOMETOWN/HIGH SCHOOL/LAST COLLEGE,football,ole_miss
54,howard michael,"Green Cove Springs, Fla./Clay","Green Cove Springs, Fla./Clay","Green Cove Springs, Fla./Clay",Last Name,HOMETOWN/HIGH SCHOOL/LAST COLLEGE,HOMETOWN/HIGH SCHOOL/LAST COLLEGE,HOMETOWN/HIGH SCHOOL/LAST COLLEGE,football,ole_miss
55,johnson sam,"Nashville, Tenn./Christ Presbyterian Academy","Nashville, Tenn./Christ Presbyterian Academy","Nashville, Tenn./Christ Presbyterian Academy",Last Name,HOMETOWN/HIGH SCHOOL/LAST COLLEGE,HOMETOWN/HIGH SCHOOL/LAST COLLEGE,HOMETOWN/HIGH SCHOOL/LAST COLLEGE,football,ole_miss
56,brown ben,"Vicksburg, Miss./St. Aloysius","Vicksburg, Miss./St. Aloysius","Vicksburg, Miss./St. Aloysius",Last Name,HOMETOWN/HIGH SCHOOL/LAST COLLEGE,HOMETOWN/HIGH SCHOOL/LAST COLLEGE,HOMETOWN/HIGH SCHOOL/LAST COLLEGE,football,ole_miss
57,taylor mike,"Jackson, Tenn./University School of Jackson","Jackson, Tenn./University School of Jackson","Jackson, Tenn./University School of Jackson",Last Name,HOMETOWN/HIGH SCHOOL/LAST COLLEGE,HOMETOWN/HIGH SCHOOL/LAST COLLEGE,HOMETOWN/HIGH SCHOOL/LAST COLLEGE,football,ole_miss
58,plash samuel,"Mobile, Ala./UMS-Wright Prep","Mobile, Ala./UMS-Wright Prep","Mobile, Ala./UMS-Wright Prep",Last Name,HOMETOWN/HIGH SCHOOL/LAST COLLEGE,HOMETOWN/HIGH SCHOOL/LAST COLLEGE,HOMETOWN/HIGH SCHOOL/LAST COLLEGE,football,ole_miss
59,johnson eli,"Taylor, Miss./Lafayette","Taylor, Miss./Lafayette","Taylor, Miss./Lafayette",Last Name,HOMETOWN/HIGH SCHOOL/LAST COLLEGE,HOMETOWN/HIGH SCHOOL/LAST COLLEGE,HOMETOWN/HIGH SCHOOL/LAST COLLEGE,football,ole_miss
60,becker cole,"Phoenix, Ariz./Brophy College Prep","Phoenix, Ariz./Brophy College Prep","Phoenix, Ariz./Brophy College Prep",Last Name,HOMETOWN/HIGH SCHOOL/LAST COLLEGE,HOMETOWN/HIGH SCHOOL/LAST COLLEGE,HOMETOWN/HIGH SCHOOL/LAST COLLEGE,football,ole_miss
61,cox peyton,"Metairie, La./Jesuit","Metairie, La./Jesuit","Metairie, La./Jesuit",Last Name,HOMETOWN/HIGH SCHOOL/LAST COLLEGE,HOMETOWN/HIGH SCHOOL/LAST COLLEGE,HOMETOWN/HIGH SCHOOL/LAST COLLEGE,football,ole_miss
62,givens alex,"Nashville, Tenn./Nashville Christian School","Nashville, Tenn./Nashville Christian School","Nashville, Tenn./Nashville Christian School",Last Name,HOMETOWN/HIGH SCHOOL/LAST COLLEGE,HOMETOWN/HIGH SCHOOL/LAST COLLEGE,HOMETOWN/HIGH SCHOOL/LAST COLLEGE,football,ole_miss
63,tuitt chandler,"Fayetteville, Ga./Sandy Creek","Fayetteville, Ga./Sandy Creek","Fayetteville, Ga./Sandy Creek",Last Name,HOMETOWN/HIGH SCHOOL/LAST COLLEGE,HOMETOWN/HIGH SCHOOL/LAST COLLEGE,HOMETOWN/HIGH SCHOOL/LAST COLLEGE,football,ole_miss
64,sims jordan,"Homewood, Ala./Homewood","Homewood, Ala./Homewood","Homewood, Ala./Homewood",Last Name,HOMETOWN/HIGH SCHOOL/LAST COLLEGE,HOMETOWN/HIGH SCHOOL/LAST COLLEGE,HOMETOWN/HIGH SCHOOL/LAST COLLEGE,football,ole_miss
65,mathews bryce,"Brentwood, Tenn./Brentwood Academy","Brentwood, Tenn./Brentwood Academy","Brentwood, Tenn./Brentwood Academy",Last Name,HOMETOWN/HIGH SCHOOL/LAST COLLEGE,HOMETOWN/HIGH SCHOOL/LAST COLLEGE,HOMETOWN/HIGH SCHOOL/LAST COLLEGE,football,ole_miss
66,newman royce,"Nashville, Ill./Nashville Community","Nashville, Ill./Nashville Community","Nashville, Ill./Nashville Community",Last Name,HOMETOWN/HIGH SCHOOL/LAST COLLEGE,HOMETOWN/HIGH SCHOOL/LAST COLLEGE,HOMETOWN/HIGH SCHOOL/LAST COLLEGE,football,ole_miss
67,northern hal,"Tunica, Miss./Rosa Fort/Northwest Mississippi CC","Tunica, Miss./Rosa Fort/Northwest Mississippi CC","Tunica, Miss./Rosa Fort/Northwest Mississippi CC",Last Name,HOMETOWN/HIGH SCHOOL/LAST COLLEGE,HOMETOWN/HIGH SCHOOL/LAST COLLEGE,HOMETOWN/HIGH SCHOOL/LAST COLLEGE,football,ole_miss
68,little greg,"Allen, Texas/Allen","Allen, Texas/Allen","Allen, Texas/Allen",Last Name,HOMETOWN/HIGH SCHOOL/LAST COLLEGE,HOMETOWN/HIGH SCHOOL/LAST COLLEGE,HOMETOWN/HIGH SCHOOL/LAST COLLEGE,football,ole_miss
69,gray tony,"Loganville, Ga./Grayson","Loganville, Ga./Grayson","Loganville, Ga./Grayson",Last Name,HOMETOWN/HIGH SCHOOL/LAST COLLEGE,HOMETOWN/HIGH SCHOOL/LAST COLLEGE,HOMETOWN/HIGH SCHOOL/LAST COLLEGE,football,ole_miss
70,patterson javon,"Petal, Miss./Petal","Petal, Miss./Petal","Petal, Miss./Petal",Last Name,HOMETOWN/HIGH SCHOOL/LAST COLLEGE,HOMETOWN/HIGH SCHOOL/LAST COLLEGE,HOMETOWN/HIGH SCHOOL/LAST COLLEGE,football,ole_miss
71,ricketts josh,"Madison, Miss./Madison Central","Madison, Miss./Madison Central","Madison, Miss./Madison Central",Last Name,HOMETOWN/HIGH SCHOOL/LAST COLLEGE,HOMETOWN/HIGH SCHOOL/LAST COLLEGE,HOMETOWN/HIGH SCHOOL/LAST COLLEGE,football,ole_miss
72,drew ryan,"Crystal Springs, Miss./Copiah Academy/Co-Lin CC","Crystal Springs, Miss./Copiah Academy/Co-Lin CC","Crystal Springs, Miss./Copiah Academy/Co-Lin CC",Last Name,HOMETOWN/HIGH SCHOOL/LAST COLLEGE,HOMETOWN/HIGH SCHOOL/LAST COLLEGE,HOMETOWN/HIGH SCHOOL/LAST COLLEGE,football,ole_miss
73,farlow jared,"Grantville, Ga./Central Christian","Grantville, Ga./Central Christian","Grantville, Ga./Central Christian",Last Name,HOMETOWN/HIGH SCHOOL/LAST COLLEGE,HOMETOWN/HIGH SCHOOL/LAST COLLEGE,HOMETOWN/HIGH SCHOOL/LAST COLLEGE,football,ole_miss
74,haynes nick,"Washington, Pa./McGuffey/West Liberty University","Washington, Pa./McGuffey/West Liberty University","Washington, Pa./McGuffey/West Liberty University",Last Name,HOMETOWN/HIGH SCHOOL/LAST COLLEGE,HOMETOWN/HIGH SCHOOL/LAST COLLEGE,HOMETOWN/HIGH SCHOOL/LAST COLLEGE,football,ole_miss
75,weber alex,"Lake City, Fla./Columbia","Lake City, Fla./Columbia","Lake City, Fla./Columbia",Last Name,HOMETOWN/HIGH SCHOOL/LAST COLLEGE,HOMETOWN/HIGH SCHOOL/LAST COLLEGE,HOMETOWN/HIGH SCHOOL/LAST COLLEGE,football,ole_miss
76,beck drake,"Columbus, Ga./Brookstone","Columbus, Ga./Brookstone","Columbus, Ga./Brookstone",Last Name,HOMETOWN/HIGH SCHOOL/LAST COLLEGE,HOMETOWN/HIGH SCHOOL/LAST COLLEGE,HOMETOWN/HIGH SCHOOL/LAST COLLEGE,football,ole_miss
77,propst jack,"Brentwood, Tenn./Brentwood Academy","Brentwood, Tenn./Brentwood Academy","Brentwood, Tenn./Brentwood Academy",Last Name,HOMETOWN/HIGH SCHOOL/LAST COLLEGE,HOMETOWN/HIGH SCHOOL/LAST COLLEGE,HOMETOWN/HIGH SCHOOL/LAST COLLEGE,football,ole_miss
78,reyes ty,"Marietta, Ga./Sprayberry","Marietta, Ga./Sprayberry","Marietta, Ga./Sprayberry",Last Name,HOMETOWN/HIGH SCHOOL/LAST COLLEGE,HOMETOWN/HIGH SCHOOL/LAST COLLEGE,HOMETOWN/HIGH SCHOOL/LAST COLLEGE,football,ole_miss
79,anderson ryder,"Katy, Texas/Katy","Katy, Texas/Katy","Katy, Texas/Katy",Last Name,HOMETOWN/HIGH SCHOOL/LAST COLLEGE,HOMETOWN/HIGH SCHOOL/LAST COLLEGE,HOMETOWN/HIGH SCHOOL/LAST COLLEGE,football,ole_miss
80,donelly ross,"Houston, Texas/Cy-Fair","Houston, Texas/Cy-Fair","Houston, Texas/Cy-Fair",Last Name,HOMETOWN/HIGH SCHOOL/LAST COLLEGE,HOMETOWN/HIGH SCHOOL/LAST COLLEGE,HOMETOWN/HIGH SCHOOL/LAST COLLEGE,football,ole_miss
81,logan luke,"Hattiesburg, Miss./Presbyterian Christian","Hattiesburg, Miss./Presbyterian Christian","Hattiesburg, Miss./Presbyterian Christian",Last Name,HOMETOWN/HIGH SCHOOL/LAST COLLEGE,HOMETOWN/HIGH SCHOOL/LAST COLLEGE,HOMETOWN/HIGH SCHOOL/LAST COLLEGE,football,ole_miss
82,david sincere,"Jacksonville, Fla./Sandalwood","Jacksonville, Fla./Sandalwood","Jacksonville, Fla./Sandalwood",Last Name,HOMETOWN/HIGH SCHOOL/LAST COLLEGE,HOMETOWN/HIGH SCHOOL/LAST COLLEGE,HOMETOWN/HIGH SCHOOL/LAST COLLEGE,football,ole_miss
83,coley james,"Natchez, Miss./Cathedral/Co-Lin CC","Natchez, Miss./Cathedral/Co-Lin CC","Natchez, Miss./Cathedral/Co-Lin CC",Last Name,HOMETOWN/HIGH SCHOOL/LAST COLLEGE,HOMETOWN/HIGH SCHOOL/LAST COLLEGE,HOMETOWN/HIGH SCHOOL/LAST COLLEGE,football,ole_miss
84,cooper jack,"Fresno, Calif./Clovis North","Fresno, Calif./Clovis North","Fresno, Calif./Clovis North",Last Name,HOMETOWN/HIGH SCHOOL/LAST COLLEGE,HOMETOWN/HIGH SCHOOL/LAST COLLEGE,HOMETOWN/HIGH SCHOOL/LAST COLLEGE,football,ole_miss
85,jones benito,"Waynesboro, Miss./Wayne County","Waynesboro, Miss./Wayne County","Waynesboro, Miss./Wayne County",Last Name,HOMETOWN/HIGH SCHOOL/LAST COLLEGE,HOMETOWN/HIGH SCHOOL/LAST COLLEGE,HOMETOWN/HIGH SCHOOL/LAST COLLEGE,football,ole_miss
86,way isaac,"Franklin, Tenn./Brentwood Academy","Franklin, Tenn./Brentwood Academy","Franklin, Tenn./Brentwood Academy",Last Name,HOMETOWN/HIGH SCHOOL/LAST COLLEGE,HOMETOWN/HIGH SCHOOL/LAST COLLEGE,HOMETOWN/HIGH SCHOOL/LAST COLLEGE,football,ole_miss
87,brown mac,"Eden Prairie, Minn./Saint Thomas Academy","Eden Prairie, Minn./Saint Thomas Academy","Eden Prairie, Minn./Saint Thomas Academy",Last Name,HOMETOWN/HIGH SCHOOL/LAST COLLEGE,HOMETOWN/HIGH SCHOOL/LAST COLLEGE,HOMETOWN/HIGH SCHOOL/LAST COLLEGE,football,ole_miss
88,hebert jordan,"Klein, Texas/Klein","Klein, Texas/Klein","Klein, Texas/Klein",Last Name,HOMETOWN/HIGH SCHOOL/LAST COLLEGE,HOMETOWN/HIGH SCHOOL/LAST COLLEGE,HOMETOWN/HIGH SCHOOL/LAST COLLEGE,football,ole_miss
89,sheppard qaadir,"Bronx, N.Y./Iona Prep/Syracuse","Bronx, N.Y./Iona Prep/Syracuse","Bronx, N.Y./Iona Prep/Syracuse",Last Name,HOMETOWN/HIGH SCHOOL/LAST COLLEGE,HOMETOWN/HIGH SCHOOL/LAST COLLEGE,HOMETOWN/HIGH SCHOOL/LAST COLLEGE,football,ole_miss
90,lewis john,"Burnside, Ky./Somerset","Burnside, Ky./Somerset","Burnside, Ky./Somerset",Last Name,HOMETOWN/HIGH SCHOOL/LAST COLLEGE,HOMETOWN/HIGH SCHOOL/LAST COLLEGE,HOMETOWN/HIGH SCHOOL/LAST COLLEGE,football,ole_miss
91,wiley charles,"Stockbridge, Ga./Stockbridge","Stockbridge, Ga./Stockbridge","Stockbridge, Ga./Stockbridge",Last Name,HOMETOWN/HIGH SCHOOL/LAST COLLEGE,HOMETOWN/HIGH SCHOOL/LAST COLLEGE,HOMETOWN/HIGH SCHOOL/LAST COLLEGE,football,ole_miss
92,nasiatka patrick,"Louisville, Colo.//Santa Barbara City College","Louisville, Colo.//Santa Barbara City College","Louisville, Colo.//Santa Barbara City College",Last Name,HOMETOWN/HIGH SCHOOL/LAST COLLEGE,HOMETOWN/HIGH SCHOOL/LAST COLLEGE,HOMETOWN/HIGH SCHOOL/LAST COLLEGE,football,ole_miss
0,dineen sophie,"Omaha, Neb. (Marian HS)",N/A,"Omaha, Neb. (Marian HS)",Last Name,HOMETOWN (Last School),N/A,HOMETOWN (Last School),womens soccer,ole_miss
1,foster channing,"Murray, Ky. (Graves County HS)",N/A,"Murray, Ky. (Graves County HS)",Last Name,HOMETOWN (Last School),N/A,HOMETOWN (Last School),womens soccer,ole_miss
2,frischknecht ella,"Centerville, Utah (BYU)",N/A,"Centerville, Utah (BYU)",Last Name,HOMETOWN (Last School),N/A,HOMETOWN (Last School),womens soccer,ole_miss
3,houghton alley,"Oxford, Miss. (Lafayette HS)",N/A,"Oxford, Miss. (Lafayette HS)",Last Name,HOMETOWN (Last School),N/A,HOMETOWN (Last School),womens soccer,ole_miss
4,houghton maddy,"Oxford, Miss. (Lafayette HS)",N/A,"Oxford, Miss. (Lafayette HS)",Last Name,HOMETOWN (Last School),N/A,HOMETOWN (Last School),womens soccer,ole_miss
5,johnson grace,"Centerville, Utah (Viewmont HS)",N/A,"Centerville, Utah (Viewmont HS)",Last Name,HOMETOWN (Last School),N/A,HOMETOWN (Last School),womens soccer,ole_miss
6,kizer cece,"Overland Park, Kan. (Blue Valley Northwest HS)",N/A,"Overland Park, Kan. (Blue Valley Northwest HS)",Last Name,HOMETOWN (Last School),N/A,HOMETOWN (Last School),womens soccer,ole_miss
7,kutchma marisa,"Saint Charles, Mo. (Incarnate Word Academy)",N/A,"Saint Charles, Mo. (Incarnate Word Academy)",Last Name,HOMETOWN (Last School),N/A,HOMETOWN (Last School),womens soccer,ole_miss
8,little gabby,"Collierville, Tenn. (Houston HS)",N/A,"Collierville, Tenn. (Houston HS)",Last Name,HOMETOWN (Last School),N/A,HOMETOWN (Last School),womens soccer,ole_miss
9,martin molly,"Memphis, Tenn. (Evangelical Christian School)",N/A,"Memphis, Tenn. (Evangelical Christian School)",Last Name,HOMETOWN (Last School),N/A,HOMETOWN (Last School),womens soccer,ole_miss
10,mcaslan morgan,"Waterdown, Ont. (Waterdown District HS)",N/A,"Waterdown, Ont. (Waterdown District HS)",Last Name,HOMETOWN (Last School),N/A,HOMETOWN (Last School),womens soccer,ole_miss
11,merritt marnie,"Huntersville, N.C. (Hough HS)",N/A,"Huntersville, N.C. (Hough HS)",Last Name,HOMETOWN (Last School),N/A,HOMETOWN (Last School),womens soccer,ole_miss
12,michalak sydney,"Winter Springs, Fla. (Winter Springs HS)",N/A,"Winter Springs, Fla. (Winter Springs HS)",Last Name,HOMETOWN (Last School),N/A,HOMETOWN (Last School),womens soccer,ole_miss
13,mulligan lonnie,"Hattiesburg, Miss. (Oak Grove HS)",N/A,"Hattiesburg, Miss. (Oak Grove HS)",Last Name,HOMETOWN (Last School),N/A,HOMETOWN (Last School),womens soccer,ole_miss
14,orkus ashley,"Vestavia Hills, Ala. (Vestavia Hills HS)",N/A,"Vestavia Hills, Ala. (Vestavia Hills HS)",Last Name,HOMETOWN (Last School),N/A,HOMETOWN (Last School),womens soccer,ole_miss
15,pezzino madisyn,"Grand Island, N.Y. (Florida State)",N/A,"Grand Island, N.Y. (Florida State)",Last Name,HOMETOWN (Last School),N/A,HOMETOWN (Last School),womens soccer,ole_miss
16,phillips julia,"Ashburn, Va. (Florida State)",N/A,"Ashburn, Va. (Florida State)",Last Name,HOMETOWN (Last School),N/A,HOMETOWN (Last School),womens soccer,ole_miss
17,smith madison,"Franklin, Tenn. (Franklin HS)",N/A,"Franklin, Tenn. (Franklin HS)",Last Name,HOMETOWN (Last School),N/A,HOMETOWN (Last School),womens soccer,ole_miss
18,smith mary kate,"Ellisville, Miss. (Jones County JC)",N/A,"Ellisville, Miss. (Jones County JC)",Last Name,HOMETOWN (Last School),N/A,HOMETOWN (Last School),womens soccer,ole_miss
19,stackpole haleigh,"Ft. Bragg, N.C. (Overhills HS)",N/A,"Ft. Bragg, N.C. (Overhills HS)",Last Name,HOMETOWN (Last School),N/A,HOMETOWN (Last School),womens soccer,ole_miss
20,sullivan tara,"New Berlin, Ill. (New Berlin HS)",N/A,"New Berlin, Ill. (New Berlin HS)",Last Name,HOMETOWN (Last School),N/A,HOMETOWN (Last School),womens soccer,ole_miss
21,thomas chanel,"Scottsdale, Ariz. (Desert Mountain HS)",N/A,"Scottsdale, Ariz. (Desert Mountain HS)",Last Name,HOMETOWN (Last School),N/A,HOMETOWN (Last School),womens soccer,ole_miss
22,waugh grace,"Plano, Texas (Plano West Senior HS)",N/A,"Plano, Texas (Plano West Senior HS)",Last Name,HOMETOWN (Last School),N/A,HOMETOWN (Last School),womens soccer,ole_miss
23,williams claire,"Oak Park, Calif. (Oaks Christian School)",N/A,"Oak Park, Calif. (Oaks Christian School)",Last Name,HOMETOWN (Last School),N/A,HOMETOWN (Last School),womens soccer,ole_miss
0,blackmon brody,"Sulphur Springs, Texas (Sulphur Springs High School)",N/A,"Sulphur Springs, Texas (Sulphur Springs High School)",Last Name,HOMETOWN (Last School),N/A,HOMETOWN (Last School),mens golf,ole_miss
1,briggs beau,"Covington, La. (St. Paul's)",N/A,"Covington, La. (St. Paul's)",Last Name,HOMETOWN (Last School),N/A,HOMETOWN (Last School),mens golf,ole_miss
2,getz chip,"Paradise Valley, Arizona (Brophy College Preparatory)",N/A,"Paradise Valley, Arizona (Brophy College Preparatory)",Last Name,HOMETOWN (Last School),N/A,HOMETOWN (Last School),mens golf,ole_miss
3,miller charlie,"Jackson, Miss. (Jackson Preparatory)",N/A,"Jackson, Miss. (Jackson Preparatory)",Last Name,HOMETOWN (Last School),N/A,HOMETOWN (Last School),mens golf,ole_miss
4,seiple josh,"Castle Rock, Colo. (Valor Christian)",N/A,"Castle Rock, Colo. (Valor Christian)",Last Name,HOMETOWN (Last School),N/A,HOMETOWN (Last School),mens golf,ole_miss
5,sweeney kerry,"Melbourne, Fla. (Eastern Florida State College)",N/A,"Melbourne, Fla. (Eastern Florida State College)",Last Name,HOMETOWN (Last School),N/A,HOMETOWN (Last School),mens golf,ole_miss
6,thornberry braden,"Olive Branch, Miss. (DeSoto Central)",N/A,"Olive Branch, Miss. (DeSoto Central)",Last Name,HOMETOWN (Last School),N/A,HOMETOWN (Last School),mens golf,ole_miss
7,wegener cecil,"Ridgeland, Miss. (Jackson Preparatory)",N/A,"Ridgeland, Miss. (Jackson Preparatory)",Last Name,HOMETOWN (Last School),N/A,HOMETOWN (Last School),mens golf,ole_miss
0,ball conner beth,"Starkville, Miss. (Jackson Academy)",N/A,"Starkville, Miss. (Jackson Academy)",Last Name,HOMETOWN (Last School),N/A,HOMETOWN (Last School),womens golf,ole_miss
1,flori martina,"Montecatini Terme, Italy (Liceo Don Bosco)",N/A,"Montecatini Terme, Italy (Liceo Don Bosco)",Last Name,HOMETOWN (Last School),N/A,HOMETOWN (Last School),womens golf,ole_miss
2,harris katy,"St. Simons Island, Ga. (Mercer)",N/A,"St. Simons Island, Ga. (Mercer)",Last Name,HOMETOWN (Last School),N/A,HOMETOWN (Last School),womens golf,ole_miss
3,hermansson pi-lillebi,"Djursholm, Sweden (Celsiusskolan)",N/A,"Djursholm, Sweden (Celsiusskolan)",Last Name,HOMETOWN (Last School),N/A,HOMETOWN (Last School),womens golf,ole_miss
4,holliday macy,"Dallas, Texas (Trinity Christian Academy)",N/A,"Dallas, Texas (Trinity Christian Academy)",Last Name,HOMETOWN (Last School),N/A,HOMETOWN (Last School),womens golf,ole_miss
5,johnson julia,"St. Gabriel, La. (Math, Science and Arts Academy)",N/A,"St. Gabriel, La. (Math, Science and Arts Academy)",Last Name,HOMETOWN (Last School),N/A,HOMETOWN (Last School),womens golf,ole_miss
6,lim diane,"Suwanee, Ga. (College of Coastal Georgia)",N/A,"Suwanee, Ga. (College of Coastal Georgia)",Last Name,HOMETOWN (Last School),N/A,HOMETOWN (Last School),womens golf,ole_miss
7,purdom kie,"Lexington, Ky. (Henry Clay HS)",N/A,"Lexington, Ky. (Henry Clay HS)",Last Name,HOMETOWN (Last School),N/A,HOMETOWN (Last School),womens golf,ole_miss
0,babic zvonimir,"Zagreb, Croatia (Gimnazija Birotehnika)",N/A,"Zagreb, Croatia (Gimnazija Birotehnika)",Last Name,HOMETOWN (Last School),N/A,HOMETOWN (Last School),mens tennis,ole_miss
1,fallert fabian,"Lichtenstein, Germany (Johann-Friedrich-von-Cotta Schule)",N/A,"Lichtenstein, Germany (Johann-Friedrich-von-Cotta Schule)",Last Name,HOMETOWN (Last School),N/A,HOMETOWN (Last School),mens tennis,ole_miss
2,hamilton grey,"Southern Pines, N.C. (Pinecrest)",N/A,"Southern Pines, N.C. (Pinecrest)",Last Name,HOMETOWN (Last School),N/A,HOMETOWN (Last School),mens tennis,ole_miss
3,hansson gustav,"Karlskrona, Sweden (Aspero Idrottsgymnasium)",N/A,"Karlskrona, Sweden (Aspero Idrottsgymnasium)",Last Name,HOMETOWN (Last School),N/A,HOMETOWN (Last School),mens tennis,ole_miss
4,kraljevic filip,"Rijeka, Croatia (Hotelijesko Turisticka Skola)",N/A,"Rijeka, Croatia (Hotelijesko Turisticka Skola)",Last Name,HOMETOWN (Last School),N/A,HOMETOWN (Last School),mens tennis,ole_miss
5,reynolds finn,"Hastings, New Zealand (Napier Boys)",N/A,"Hastings, New Zealand (Napier Boys)",Last Name,HOMETOWN (Last School),N/A,HOMETOWN (Last School),mens tennis,ole_miss
6,sandkaulen tim,"Monchengladbach, Germany (Kurpfalz Gymnasium)",N/A,"Monchengladbach, Germany (Kurpfalz Gymnasium)",Last Name,HOMETOWN (Last School),N/A,HOMETOWN (Last School),mens tennis,ole_miss
7,wilson cotter,"Shreveport, La. (Ogburn High School)",N/A,"Shreveport, La. (Ogburn High School)",Last Name,HOMETOWN (Last School),N/A,HOMETOWN (Last School),mens tennis,ole_miss
0,bortles alexa,"Alpharetta, Ga. (Georgia Connections Academy)",N/A,"Alpharetta, Ga. (Georgia Connections Academy)",Last Name,HOMETOWN (Last School),N/A,HOMETOWN (Last School),womens tennis,ole_miss
1,hartono arianne,"Meppel, Netherlands (Centre for Sports and Education)",N/A,"Meppel, Netherlands (Centre for Sports and Education)",Last Name,HOMETOWN (Last School),N/A,HOMETOWN (Last School),womens tennis,ole_miss
2,janatova tereza,"Nova Paka, Czech Republic (Secondary Pedagogical School)",N/A,"Nova Paka, Czech Republic (Secondary Pedagogical School)",Last Name,HOMETOWN (Last School),N/A,HOMETOWN (Last School),womens tennis,ole_miss
3,jandric tea,"Zagreb, Croatia (Sports Gymnasium)",N/A,"Zagreb, Croatia (Sports Gymnasium)",Last Name,HOMETOWN (Last School),N/A,HOMETOWN (Last School),womens tennis,ole_miss
4,kriscunas cameron,"Hilton Head Island, S.C. (Connections Academy)",N/A,"Hilton Head Island, S.C. (Connections Academy)",Last Name,HOMETOWN (Last School),N/A,HOMETOWN (Last School),womens tennis,ole_miss
5,machalova sabina,"Zlin, Czech Republic (Gymnazium T.G.M.)",N/A,"Zlin, Czech Republic (Gymnazium T.G.M.)",Last Name,HOMETOWN (Last School),N/A,HOMETOWN (Last School),womens tennis,ole_miss
6,sanford allie,"Phoenix, Ariz. (Laurel Springs)",N/A,"Phoenix, Ariz. (Laurel Springs)",Last Name,HOMETOWN (Last School),N/A,HOMETOWN (Last School),womens tennis,ole_miss
7,suk natalie,"Bradenton, Fla. (Allendale Academy)",N/A,"Bradenton, Fla. (Allendale Academy)",Last Name,HOMETOWN (Last School),N/A,HOMETOWN (Last School),womens tennis,ole_miss
8,vrbenska anna,"Podebrady, Czech Republic (Gymnazium Jiriho)",N/A,"Podebrady, Czech Republic (Gymnazium Jiriho)",Last Name,HOMETOWN (Last School),N/A,HOMETOWN (Last School),womens tennis,ole_miss
0,barnes courtland,"Oxford, Miss. (Senatobia HS)",N/A,"Oxford, Miss. (Senatobia HS)",Last Name,HOMETOWN (Last School),N/A,HOMETOWN (Last School),mens track,ole_miss
1,bethmann cade,"Arlington, Texas (Arlington Martin HS)",N/A,"Arlington, Texas (Arlington Martin HS)",Last Name,HOMETOWN (Last School),N/A,HOMETOWN (Last School),mens track,ole_miss
2,caldwell taylor,"Brentwood, Tenn. (Brentwood HS)",N/A,"Brentwood, Tenn. (Brentwood HS)",Last Name,HOMETOWN (Last School),N/A,HOMETOWN (Last School),mens track,ole_miss
3,coccia michael,"Guelph, Ontario (Arizona State)",N/A,"Guelph, Ontario (Arizona State)",Last Name,HOMETOWN (Last School),N/A,HOMETOWN (Last School),mens track,ole_miss
4,colozzo cole,"Stuart, Fla. (South Fork HS)",N/A,"Stuart, Fla. (South Fork HS)",Last Name,HOMETOWN (Last School),N/A,HOMETOWN (Last School),mens track,ole_miss
5,day dylan,"Fountain, Colo. (Fountain-Fort Carson)",N/A,"Fountain, Colo. (Fountain-Fort Carson)",Last Name,HOMETOWN (Last School),N/A,HOMETOWN (Last School),mens track,ole_miss
6,domanic robert,"Lewisville, Texas (Hebron HS)",N/A,"Lewisville, Texas (Hebron HS)",Last Name,HOMETOWN (Last School),N/A,HOMETOWN (Last School),mens track,ole_miss
7,foster manny,"Sanford, Fla. (Seminole)",N/A,"Sanford, Fla. (Seminole)",Last Name,HOMETOWN (Last School),N/A,HOMETOWN (Last School),mens track,ole_miss
8,gaines fraquan,"Champaign, Ill. (Southern Illinois)",N/A,"Champaign, Ill. (Southern Illinois)",Last Name,HOMETOWN (Last School),N/A,HOMETOWN (Last School),mens track,ole_miss
9,garrett austin,"Harrisville, W. Va. (Ritchie County)",N/A,"Harrisville, W. Va. (Ritchie County)",Last Name,HOMETOWN (Last School),N/A,HOMETOWN (Last School),mens track,ole_miss
10,gilley trevor,"Southlake, Texas (Southlake Carroll)",N/A,"Southlake, Texas (Southlake Carroll)",Last Name,HOMETOWN (Last School),N/A,HOMETOWN (Last School),mens track,ole_miss
11,gordon allen,"Omaha, Neb. (Omaha North HS)",N/A,"Omaha, Neb. (Omaha North HS)",Last Name,HOMETOWN (Last School),N/A,HOMETOWN (Last School),mens track,ole_miss
12,gutierrez derek,"Keller, Texas (Keller HS)",N/A,"Keller, Texas (Keller HS)",Last Name,HOMETOWN (Last School),N/A,HOMETOWN (Last School),mens track,ole_miss
13,hartsfield myles,"Sayreville, N.J. (East Coast Prep)",N/A,"Sayreville, N.J. (East Coast Prep)",Last Name,HOMETOWN (Last School),N/A,HOMETOWN (Last School),mens track,ole_miss
14,harvey brandon,"Murfreesboro, Tenn. (Riverdale)",N/A,"Murfreesboro, Tenn. (Riverdale)",Last Name,HOMETOWN (Last School),N/A,HOMETOWN (Last School),mens track,ole_miss
15,hesse nolan,"Wichita, Kan. (Butler CC)",N/A,"Wichita, Kan. (Butler CC)",Last Name,HOMETOWN (Last School),N/A,HOMETOWN (Last School),mens track,ole_miss
16,long chris,"Oxford, MS (Lafayette High School)",N/A,"Oxford, MS (Lafayette High School)",Last Name,HOMETOWN (Last School),N/A,HOMETOWN (Last School),mens track,ole_miss
17,manahan ryan,"Marcellus, N.Y. (Georgetown)",N/A,"Marcellus, N.Y. (Georgetown)",Last Name,HOMETOWN (Last School),N/A,HOMETOWN (Last School),mens track,ole_miss
18,mcguigan dempsey,"London, U.K. (Drayton Manor)",N/A,"London, U.K. (Drayton Manor)",Last Name,HOMETOWN (Last School),N/A,HOMETOWN (Last School),mens track,ole_miss
19,moore tyler,"Little Falls, Minn. (Little Falls Community)",N/A,"Little Falls, Minn. (Little Falls Community)",Last Name,HOMETOWN (Last School),N/A,HOMETOWN (Last School),mens track,ole_miss
20,prena cullen,"West Bloomsfield, Mich. (Oregon)",N/A,"West Bloomsfield, Mich. (Oregon)",Last Name,HOMETOWN (Last School),N/A,HOMETOWN (Last School),mens track,ole_miss
21,raspo andrew,"Modesto, Calif. (Thomas Downey)",N/A,"Modesto, Calif. (Thomas Downey)",Last Name,HOMETOWN (Last School),N/A,HOMETOWN (Last School),mens track,ole_miss
22,riley griffin,"Mountain Brook, Ala. (Mountain Brook)",N/A,"Mountain Brook, Ala. (Mountain Brook)",Last Name,HOMETOWN (Last School),N/A,HOMETOWN (Last School),mens track,ole_miss
23,rivera jr. john,"Bradenton, Fla. (Lakewood Ranch)",N/A,"Bradenton, Fla. (Lakewood Ranch)",Last Name,HOMETOWN (Last School),N/A,HOMETOWN (Last School),mens track,ole_miss
24,robertson mark,"Pensacola, Fla. (B.T. Washington)",N/A,"Pensacola, Fla. (B.T. Washington)",Last Name,HOMETOWN (Last School),N/A,HOMETOWN (Last School),mens track,ole_miss
25,savino ben,"Cary, N.C. (Apex)",N/A,"Cary, N.C. (Apex)",Last Name,HOMETOWN (Last School),N/A,HOMETOWN (Last School),mens track,ole_miss
26,scott parker,"Corpus Christi, Texas (King)",N/A,"Corpus Christi, Texas (King)",Last Name,HOMETOWN (Last School),N/A,HOMETOWN (Last School),mens track,ole_miss
27,smulders everett,"Atlanta, Ga. (The Lovett School)",N/A,"Atlanta, Ga. (The Lovett School)",Last Name,HOMETOWN (Last School),N/A,HOMETOWN (Last School),mens track,ole_miss
28,snider robinson,"Wrightsville Beach, N.C. (John T. Hoggard)",N/A,"Wrightsville Beach, N.C. (John T. Hoggard)",Last Name,HOMETOWN (Last School),N/A,HOMETOWN (Last School),mens track,ole_miss
29,suliman waleed,"Richmond, Va. (Freeman)",N/A,"Richmond, Va. (Freeman)",Last Name,HOMETOWN (Last School),N/A,HOMETOWN (Last School),mens track,ole_miss
30,tobin sean,"Clonmel, Ireland (C.B.S. HS)",N/A,"Clonmel, Ireland (C.B.S. HS)",Last Name,HOMETOWN (Last School),N/A,HOMETOWN (Last School),mens track,ole_miss
31,tucker shamar,"Pearl, Miss. (Pearl)",N/A,"Pearl, Miss. (Pearl)",Last Name,HOMETOWN (Last School),N/A,HOMETOWN (Last School),mens track,ole_miss
32,weissmann peyton,"Grapevine, Texas (Grapevine High School)",N/A,"Grapevine, Texas (Grapevine High School)",Last Name,HOMETOWN (Last School),N/A,HOMETOWN (Last School),mens track,ole_miss
33,westbrook alvin,"Olive Branch, Miss. (Center Hill)",N/A,"Olive Branch, Miss. (Center Hill)",Last Name,HOMETOWN (Last School),N/A,HOMETOWN (Last School),mens track,ole_miss
34,williams brian,"Warren, Mich. (Iowa Central CC)",N/A,"Warren, Mich. (Iowa Central CC)",Last Name,HOMETOWN (Last School),N/A,HOMETOWN (Last School),mens track,ole_miss
35,yancey christian,"McDonough, Ga (Winthrop)",N/A,"McDonough, Ga (Winthrop)",Last Name,HOMETOWN (Last School),N/A,HOMETOWN (Last School),mens track,ole_miss
0,allen jasmin,"Raleigh, N.C. (Iowa Western CC)",N/A,"Raleigh, N.C. (Iowa Western CC)",Last Name,HOMETOWN (Last School),N/A,HOMETOWN (Last School),womens track,ole_miss
1,bean emily,"Louisville, Ky. (Assumption)",N/A,"Louisville, Ky. (Assumption)",Last Name,HOMETOWN (Last School),N/A,HOMETOWN (Last School),womens track,ole_miss
2,braswell anna,"Mobile, Ala. (St. Paul's Episcopal)",N/A,"Mobile, Ala. (St. Paul's Episcopal)",Last Name,HOMETOWN (Last School),N/A,HOMETOWN (Last School),womens track,ole_miss
3,brooks kieshonna,"Basseterre, St. Kitts & Nevis",N/A,"Basseterre, St. Kitts & Nevis",Last Name,HOMETOWN (Last School),N/A,HOMETOWN (Last School),womens track,ole_miss
4,brown sandra,"Indianapolis, Ind. (Pike High School)",N/A,"Indianapolis, Ind. (Pike High School)",Last Name,HOMETOWN (Last School),N/A,HOMETOWN (Last School),womens track,ole_miss
5,brown shelby,"Phoenix, Ariz. (Xavier College Preparatory)",N/A,"Phoenix, Ariz. (Xavier College Preparatory)",Last Name,HOMETOWN (Last School),N/A,HOMETOWN (Last School),womens track,ole_miss
6,cameron t'aja,"McDonough, Ga. (Eagle's Landing Christian)",N/A,"McDonough, Ga. (Eagle's Landing Christian)",Last Name,HOMETOWN (Last School),N/A,HOMETOWN (Last School),womens track,ole_miss
7,carbo jolie,"Terry, Miss. (Terry)",N/A,"Terry, Miss. (Terry)",Last Name,HOMETOWN (Last School),N/A,HOMETOWN (Last School),womens track,ole_miss
8,chavarria kendall,"Punta Gorda, Fla. (Charlotte)",N/A,"Punta Gorda, Fla. (Charlotte)",Last Name,HOMETOWN (Last School),N/A,HOMETOWN (Last School),womens track,ole_miss
9,cherry jasmine,"Meridian, Miss. (Meridian)",N/A,"Meridian, Miss. (Meridian)",Last Name,HOMETOWN (Last School),N/A,HOMETOWN (Last School),womens track,ole_miss
10,christen hannah,"Burke, Va. (University of North Carolina)",N/A,"Burke, Va. (University of North Carolina)",Last Name,HOMETOWN (Last School),N/A,HOMETOWN (Last School),womens track,ole_miss
11,drum chelsea,"Jackson, Mo. (Jackson)",N/A,"Jackson, Mo. (Jackson)",Last Name,HOMETOWN (Last School),N/A,HOMETOWN (Last School),womens track,ole_miss
12,elkin anna,"Carrollton, Texas (Hebron)",N/A,"Carrollton, Texas (Hebron)",Last Name,HOMETOWN (Last School),N/A,HOMETOWN (Last School),womens track,ole_miss
13,england julia,"Cary, N.C. (Green Hope)",N/A,"Cary, N.C. (Green Hope)",Last Name,HOMETOWN (Last School),N/A,HOMETOWN (Last School),womens track,ole_miss
14,enright alex,"Wheaton, Ill. (Wheaton Warrenville South)",N/A,"Wheaton, Ill. (Wheaton Warrenville South)",Last Name,HOMETOWN (Last School),N/A,HOMETOWN (Last School),womens track,ole_miss
15,gee ralesheia,"Starkville, Miss. (Starkville)",N/A,"Starkville, Miss. (Starkville)",Last Name,HOMETOWN (Last School),N/A,HOMETOWN (Last School),womens track,ole_miss
16,henderson nicole,"New Orleans, La. (McDonogh 35)",N/A,"New Orleans, La. (McDonogh 35)",Last Name,HOMETOWN (Last School),N/A,HOMETOWN (Last School),womens track,ole_miss
17,holmes alia,"Dallas, Texas (Cedar Hill High School)",N/A,"Dallas, Texas (Cedar Hill High School)",Last Name,HOMETOWN (Last School),N/A,HOMETOWN (Last School),womens track,ole_miss
18,hood haley,"Benton, Ark. (Bryant)",N/A,"Benton, Ark. (Bryant)",Last Name,HOMETOWN (Last School),N/A,HOMETOWN (Last School),womens track,ole_miss
19,kallenberger nicole,"Lee's Summit, Mo. (Lee's Summit West)",N/A,"Lee's Summit, Mo. (Lee's Summit West)",Last Name,HOMETOWN (Last School),N/A,HOMETOWN (Last School),womens track,ole_miss
20,king lexi,"Waxhaw, N.C. (Marvin Ridge)",N/A,"Waxhaw, N.C. (Marvin Ridge)",Last Name,HOMETOWN (Last School),N/A,HOMETOWN (Last School),womens track,ole_miss
21,king maddie,"Virginia Beach, Va. (Ocean Lakes)",N/A,"Virginia Beach, Va. (Ocean Lakes)",Last Name,HOMETOWN (Last School),N/A,HOMETOWN (Last School),womens track,ole_miss
22,klein leah,"Shoreview, Minn (Moundsville High School)",N/A,"Shoreview, Minn (Moundsville High School)",Last Name,HOMETOWN (Last School),N/A,HOMETOWN (Last School),womens track,ole_miss
23,larsson annika,"Uppsala, Sweden (Celsiusskolan)",N/A,"Uppsala, Sweden (Celsiusskolan)",Last Name,HOMETOWN (Last School),N/A,HOMETOWN (Last School),womens track,ole_miss
24,macneal kat,"Weston, Fla. (Cypress Bay)",N/A,"Weston, Fla. (Cypress Bay)",Last Name,HOMETOWN (Last School),N/A,HOMETOWN (Last School),womens track,ole_miss
25,mattix mercedes,"Columbus, Miss. (New Hope)",N/A,"Columbus, Miss. (New Hope)",Last Name,HOMETOWN (Last School),N/A,HOMETOWN (Last School),womens track,ole_miss
26,mcauley katy,"Pontotoc, Miss. (Pontotoc)",N/A,"Pontotoc, Miss. (Pontotoc)",Last Name,HOMETOWN (Last School),N/A,HOMETOWN (Last School),womens track,ole_miss
27,mcclellan emma,"Murfreesboro, Tenn. (Riverdale)",N/A,"Murfreesboro, Tenn. (Riverdale)",Last Name,HOMETOWN (Last School),N/A,HOMETOWN (Last School),womens track,ole_miss
28,mchugh maddie,"Cornelius, N.C. (Hough)",N/A,"Cornelius, N.C. (Hough)",Last Name,HOMETOWN (Last School),N/A,HOMETOWN (Last School),womens track,ole_miss
29,murray lindsey,"Harrisburg, Ill. (Southern Illinois)",N/A,"Harrisburg, Ill. (Southern Illinois)",Last Name,HOMETOWN (Last School),N/A,HOMETOWN (Last School),womens track,ole_miss
30,newsome aisha,"Brookville, Pa. (Brookville Area)",N/A,"Brookville, Pa. (Brookville Area)",Last Name,HOMETOWN (Last School),N/A,HOMETOWN (Last School),womens track,ole_miss
31,newsome lanae,"Brookville, Pa. (Brookville Area)",N/A,"Brookville, Pa. (Brookville Area)",Last Name,HOMETOWN (Last School),N/A,HOMETOWN (Last School),womens track,ole_miss
32,nikkel maddy,"Clovis, Calif. (Buchanan)",N/A,"Clovis, Calif. (Buchanan)",Last Name,HOMETOWN (Last School),N/A,HOMETOWN (Last School),womens track,ole_miss
33,ozanne-jaques clio,"Cairns Post, Australia (Trinity Anglican School)",N/A,"Cairns Post, Australia (Trinity Anglican School)",Last Name,HOMETOWN (Last School),N/A,HOMETOWN (Last School),womens track,ole_miss
34,paul jeanette,"Harbor City, Calif. (Carson)",N/A,"Harbor City, Calif. (Carson)",Last Name,HOMETOWN (Last School),N/A,HOMETOWN (Last School),womens track,ole_miss
35,ray shannon,"New Orleans, La. (St. Katharine Drexel)",N/A,"New Orleans, La. (St. Katharine Drexel)",Last Name,HOMETOWN (Last School),N/A,HOMETOWN (Last School),womens track,ole_miss
36,rice nicole,"Temecula, Calif (Great Oak)",N/A,"Temecula, Calif (Great Oak)",Last Name,HOMETOWN (Last School),N/A,HOMETOWN (Last School),womens track,ole_miss
37,shaw orianna,"Oxford, Miss. (Lafayette HS)",N/A,"Oxford, Miss. (Lafayette HS)",Last Name,HOMETOWN (Last School),N/A,HOMETOWN (Last School),womens track,ole_miss
38,shirley porsha,"Terry, Miss. (Terry)",N/A,"Terry, Miss. (Terry)",Last Name,HOMETOWN (Last School),N/A,HOMETOWN (Last School),womens track,ole_miss
39,simmons kaira,"Rockledge, Fla. (Rockledge)",N/A,"Rockledge, Fla. (Rockledge)",Last Name,HOMETOWN (Last School),N/A,HOMETOWN (Last School),womens track,ole_miss
40,simmons victoria,"Murfreesboro, Tenn. (Siegel)",N/A,"Murfreesboro, Tenn. (Siegel)",Last Name,HOMETOWN (Last School),N/A,HOMETOWN (Last School),womens track,ole_miss
41,stewart janeah,"Calumet City, Ill. (Iowa Central CC)",N/A,"Calumet City, Ill. (Iowa Central CC)",Last Name,HOMETOWN (Last School),N/A,HOMETOWN (Last School),womens track,ole_miss
42,taiwo shey,"South Holland, Ill. (Thornwood HS)",N/A,"South Holland, Ill. (Thornwood HS)",Last Name,HOMETOWN (Last School),N/A,HOMETOWN (Last School),womens track,ole_miss
43,traxler ylva,"Maria Enzedorf, Austria",N/A,"Maria Enzedorf, Austria",Last Name,HOMETOWN (Last School),N/A,HOMETOWN (Last School),womens track,ole_miss
44,vogelgesang lisa,"Hildesheim, Germany (Goethegymnasium Hildesheim)",N/A,"Hildesheim, Germany (Goethegymnasium Hildesheim)",Last Name,HOMETOWN (Last School),N/A,HOMETOWN (Last School),womens track,ole_miss
45,warren ghania,"Opelika, Ala. (Opelika HS)",N/A,"Opelika, Ala. (Opelika HS)",Last Name,HOMETOWN (Last School),N/A,HOMETOWN (Last School),womens track,ole_miss
46,williamson lilli,"Fort Worth, Texas (Trinity Valley School)",N/A,"Fort Worth, Texas (Trinity Valley School)",Last Name,HOMETOWN (Last School),N/A,HOMETOWN (Last School),womens track,ole_miss
0,alvarez gabby,"Riverside, Calif./Martin Luther King, Jr.","Riverside, Calif./Martin Luther King, Jr.","Riverside, Calif./Martin Luther King, Jr.",Last Name,HOMETOWN/HIGH SCHOOL/Last College,HOMETOWN/HIGH SCHOOL/Last College,HOMETOWN/HIGH SCHOOL/Last College,softball,ole_miss
1,becker kylan,"Miami, Fla./Coral Reef","Miami, Fla./Coral Reef","Miami, Fla./Coral Reef",Last Name,HOMETOWN/HIGH SCHOOL/Last College,HOMETOWN/HIGH SCHOOL/Last College,HOMETOWN/HIGH SCHOOL/Last College,softball,ole_miss
2,borgen anna,"Heath, Texas/Dallas Christian","Heath, Texas/Dallas Christian","Heath, Texas/Dallas Christian",Last Name,HOMETOWN/HIGH SCHOOL/Last College,HOMETOWN/HIGH SCHOOL/Last College,HOMETOWN/HIGH SCHOOL/Last College,softball,ole_miss
3,bruce morgan,"Roanoke, Va./Northside","Roanoke, Va./Northside","Roanoke, Va./Northside",Last Name,HOMETOWN/HIGH SCHOOL/Last College,HOMETOWN/HIGH SCHOOL/Last College,HOMETOWN/HIGH SCHOOL/Last College,softball,ole_miss
4,castro bry,"Yorba Linda, Calif.//McNeese State","Yorba Linda, Calif.//McNeese State","Yorba Linda, Calif.//McNeese State",Last Name,HOMETOWN/HIGH SCHOOL/Last College,HOMETOWN/HIGH SCHOOL/Last College,HOMETOWN/HIGH SCHOOL/Last College,softball,ole_miss
5,clayton alyssa,"Section, Ala.//Shelton State CC","Section, Ala.//Shelton State CC","Section, Ala.//Shelton State CC",Last Name,HOMETOWN/HIGH SCHOOL/Last College,HOMETOWN/HIGH SCHOOL/Last College,HOMETOWN/HIGH SCHOOL/Last College,softball,ole_miss
6,cox elantra,"Henderson, Tenn./Chester County","Henderson, Tenn./Chester County","Henderson, Tenn./Chester County",Last Name,HOMETOWN/HIGH SCHOOL/Last College,HOMETOWN/HIGH SCHOOL/Last College,HOMETOWN/HIGH SCHOOL/Last College,softball,ole_miss
7,finney brittany,"Wichita, Kan.//Oklahoma","Wichita, Kan.//Oklahoma","Wichita, Kan.//Oklahoma",Last Name,HOMETOWN/HIGH SCHOOL/Last College,HOMETOWN/HIGH SCHOOL/Last College,HOMETOWN/HIGH SCHOOL/Last College,softball,ole_miss
8,gillespie autumn,"Redlands, Calif.//UCF","Redlands, Calif.//UCF","Redlands, Calif.//UCF",Last Name,HOMETOWN/HIGH SCHOOL/Last College,HOMETOWN/HIGH SCHOOL/Last College,HOMETOWN/HIGH SCHOOL/Last College,softball,ole_miss
9,horton kaylee,"Jasper, Ala./Curry","Jasper, Ala./Curry","Jasper, Ala./Curry",Last Name,HOMETOWN/HIGH SCHOOL/Last College,HOMETOWN/HIGH SCHOOL/Last College,HOMETOWN/HIGH SCHOOL/Last College,softball,ole_miss
10,jahnke elisha,"Grand Junction, Colo.//Salt Lake City Community College","Grand Junction, Colo.//Salt Lake City Community College","Grand Junction, Colo.//Salt Lake City Community College",Last Name,HOMETOWN/HIGH SCHOOL/Last College,HOMETOWN/HIGH SCHOOL/Last College,HOMETOWN/HIGH SCHOOL/Last College,softball,ole_miss
11,latham abbey,"Livingston, Ala./Demopolis","Livingston, Ala./Demopolis","Livingston, Ala./Demopolis",Last Name,HOMETOWN/HIGH SCHOOL/Last College,HOMETOWN/HIGH SCHOOL/Last College,HOMETOWN/HIGH SCHOOL/Last College,softball,ole_miss
12,lee kaitlin,"Gulfport, Miss./Harrison Central/Miss. Gulf Coast CC","Gulfport, Miss./Harrison Central/Miss. Gulf Coast CC","Gulfport, Miss./Harrison Central/Miss. Gulf Coast CC",Last Name,HOMETOWN/HIGH SCHOOL/Last College,HOMETOWN/HIGH SCHOOL/Last College,HOMETOWN/HIGH SCHOOL/Last College,softball,ole_miss
13,mckinney paige,"Southaven, Miss./Desoto Central","Southaven, Miss./Desoto Central","Southaven, Miss./Desoto Central",Last Name,HOMETOWN/HIGH SCHOOL/Last College,HOMETOWN/HIGH SCHOOL/Last College,HOMETOWN/HIGH SCHOOL/Last College,softball,ole_miss
14,mena ally,"Miami, Fla./Westminster Christian School","Miami, Fla./Westminster Christian School","Miami, Fla./Westminster Christian School",Last Name,HOMETOWN/HIGH SCHOOL/Last College,HOMETOWN/HIGH SCHOOL/Last College,HOMETOWN/HIGH SCHOOL/Last College,softball,ole_miss
15,puk jessica,"Cedar Rapids, Iowa/Agoura Hills HS","Cedar Rapids, Iowa/Agoura Hills HS","Cedar Rapids, Iowa/Agoura Hills HS",Last Name,HOMETOWN/HIGH SCHOOL/Last College,HOMETOWN/HIGH SCHOOL/Last College,HOMETOWN/HIGH SCHOOL/Last College,softball,ole_miss
16,roth amanda,"Carrollton, Texas/Hebron","Carrollton, Texas/Hebron","Carrollton, Texas/Hebron",Last Name,HOMETOWN/HIGH SCHOOL/Last College,HOMETOWN/HIGH SCHOOL/Last College,HOMETOWN/HIGH SCHOOL/Last College,softball,ole_miss
17,schneider alex,"Southlake, Texas/Southlake Carroll","Southlake, Texas/Southlake Carroll","Southlake, Texas/Southlake Carroll",Last Name,HOMETOWN/HIGH SCHOOL/Last College,HOMETOWN/HIGH SCHOOL/Last College,HOMETOWN/HIGH SCHOOL/Last College,softball,ole_miss
18,stancil dylinn,"Temecula, Calif./Great Oak","Temecula, Calif./Great Oak","Temecula, Calif./Great Oak",Last Name,HOMETOWN/HIGH SCHOOL/Last College,HOMETOWN/HIGH SCHOOL/Last College,HOMETOWN/HIGH SCHOOL/Last College,softball,ole_miss
19,terral mary,"Farmerville, La./Cedar Creek School","Farmerville, La./Cedar Creek School","Farmerville, La./Cedar Creek School",Last Name,HOMETOWN/HIGH SCHOOL/Last College,HOMETOWN/HIGH SCHOOL/Last College,HOMETOWN/HIGH SCHOOL/Last College,softball,ole_miss
20,tillmann ava,"Cedartown, Ga./Cedartown","Cedartown, Ga./Cedartown","Cedartown, Ga./Cedartown",Last Name,HOMETOWN/HIGH SCHOOL/Last College,HOMETOWN/HIGH SCHOOL/Last College,HOMETOWN/HIGH SCHOOL/Last College,softball,ole_miss
21,werdann izzy,"Pensacola, Fla.//Miss. Gulf Coast CC","Pensacola, Fla.//Miss. Gulf Coast CC","Pensacola, Fla.//Miss. Gulf Coast CC",Last Name,HOMETOWN/HIGH SCHOOL/Last College,HOMETOWN/HIGH SCHOOL/Last College,HOMETOWN/HIGH SCHOOL/Last College,softball,ole_miss
0,adams caroline,"Lafayette, La. (St. Thomas More Catholic)",N/A,"Lafayette, La. (St. Thomas More Catholic)",Last Name,HOMETOWN (Last School),N/A,HOMETOWN (Last School),womens volleyball,ole_miss
1,bars lauren,"Nashville, Tenn. (Harpeth Hall)",N/A,"Nashville, Tenn. (Harpeth Hall)",Last Name,HOMETOWN (Last School),N/A,HOMETOWN (Last School),womens volleyball,ole_miss
2,bugg avery,"Morrisville, N.C. (Cardinal Gibbons)",N/A,"Morrisville, N.C. (Cardinal Gibbons)",Last Name,HOMETOWN (Last School),N/A,HOMETOWN (Last School),womens volleyball,ole_miss
3,engelken emily,"Overland Park, Kan. (Blue Valley West)",N/A,"Overland Park, Kan. (Blue Valley West)",Last Name,HOMETOWN (Last School),N/A,HOMETOWN (Last School),womens volleyball,ole_miss
4,fate jordan,"Fairview, Texas (LoveJoy)",N/A,"Fairview, Texas (LoveJoy)",Last Name,HOMETOWN (Last School),N/A,HOMETOWN (Last School),womens volleyball,ole_miss
5,fischer audrey,"Chesterfield, Mo. (Nerinx High School)",N/A,"Chesterfield, Mo. (Nerinx High School)",Last Name,HOMETOWN (Last School),N/A,HOMETOWN (Last School),womens volleyball,ole_miss
6,gallagher delaney,"Nashville, Tenn. (Middle Tennessee State)",N/A,"Nashville, Tenn. (Middle Tennessee State)",Last Name,HOMETOWN (Last School),N/A,HOMETOWN (Last School),womens volleyball,ole_miss
7,guttell barrett,"Austin, Texas (St. Andrews Episcopal)",N/A,"Austin, Texas (St. Andrews Episcopal)",Last Name,HOMETOWN (Last School),N/A,HOMETOWN (Last School),womens volleyball,ole_miss
8,mulkey leah,"Austin, Texas (Lake Travis)",N/A,"Austin, Texas (Lake Travis)",Last Name,HOMETOWN (Last School),N/A,HOMETOWN (Last School),womens volleyball,ole_miss
9,puddy hannah,"Dallas, Texas (Bishop Lynch)",N/A,"Dallas, Texas (Bishop Lynch)",Last Name,HOMETOWN (Last School),N/A,HOMETOWN (Last School),womens volleyball,ole_miss
10,purcell nicole,"Leawood, Kan. (Bishop Miege)",N/A,"Leawood, Kan. (Bishop Miege)",Last Name,HOMETOWN (Last School),N/A,HOMETOWN (Last School),womens volleyball,ole_miss
11,scott bayleigh,"Rockwall, Texas (Rockwall)",N/A,"Rockwall, Texas (Rockwall)",Last Name,HOMETOWN (Last School),N/A,HOMETOWN (Last School),womens volleyball,ole_miss
12,stroup emily,"Fargo, N.D. (Fargo South)",N/A,"Fargo, N.D. (Fargo South)",Last Name,HOMETOWN (Last School),N/A,HOMETOWN (Last School),womens volleyball,ole_miss
13,sultemeier aubrey,"Fredericksburg, Texas (Fredericksburg)",N/A,"Fredericksburg, Texas (Fredericksburg)",Last Name,HOMETOWN (Last School),N/A,HOMETOWN (Last School),womens volleyball,ole_miss
14,thompson lauren,"Springdale, Ark. (Springdale Har-Ber)",N/A,"Springdale, Ark. (Springdale Har-Ber)",Last Name,HOMETOWN (Last School),N/A,HOMETOWN (Last School),womens volleyball,ole_miss
15,warnell nayo,"Dickinson, Texas (Dickinson)",N/A,"Dickinson, Texas (Dickinson)",Last Name,HOMETOWN (Last School),N/A,HOMETOWN (Last School),womens volleyball,ole_miss
16,wernentin caitlin,"Bettendorf, Iowa (UNLV)",N/A,"Bettendorf, Iowa (UNLV)",Last Name,HOMETOWN (Last School),N/A,HOMETOWN (Last School),womens volleyball,ole_miss
0,buesseler abby,"Stacy, Minn. (Forest Lake)",N/A,"Stacy, Minn. (Forest Lake)",Last Name,HOMETOWN (Last School),N/A,HOMETOWN (Last School),womens rifle,ole_miss
1,carroll hayley,"Fairfax, Va. (Robinson Secondary)",N/A,"Fairfax, Va. (Robinson Secondary)",Last Name,HOMETOWN (Last School),N/A,HOMETOWN (Last School),womens rifle,ole_miss
2,cock emily,"Silverton, Ore. (Silverton)",N/A,"Silverton, Ore. (Silverton)",Last Name,HOMETOWN (Last School),N/A,HOMETOWN (Last School),womens rifle,ole_miss
3,cuozzo sophia,"Orange, Conn. (Amity Regional)",N/A,"Orange, Conn. (Amity Regional)",Last Name,HOMETOWN (Last School),N/A,HOMETOWN (Last School),womens rifle,ole_miss
4,gardner harley,"Bellville, Texas (Bellville)",N/A,"Bellville, Texas (Bellville)",Last Name,HOMETOWN (Last School),N/A,HOMETOWN (Last School),womens rifle,ole_miss
5,haig jessica,"Constableville, N.Y. (South Lewis)",N/A,"Constableville, N.Y. (South Lewis)",Last Name,HOMETOWN (Last School),N/A,HOMETOWN (Last School),womens rifle,ole_miss
6,kelly alana,"Acworth, Ga. (Allatoona)",N/A,"Acworth, Ga. (Allatoona)",Last Name,HOMETOWN (Last School),N/A,HOMETOWN (Last School),womens rifle,ole_miss
7,kisch kamilla,"Maple Grove, Minn. (Osseo Senior)",N/A,"Maple Grove, Minn. (Osseo Senior)",Last Name,HOMETOWN (Last School),N/A,HOMETOWN (Last School),womens rifle,ole_miss
8,loudin randi,"Post Falls, Idaho (Post Falls)",N/A,"Post Falls, Idaho (Post Falls)",Last Name,HOMETOWN (Last School),N/A,HOMETOWN (Last School),womens rifle,ole_miss
9,taylor megan,"Coleman, Texas (Coleman)",N/A,"Coleman, Texas (Coleman)",Last Name,HOMETOWN (Last School),N/A,HOMETOWN (Last School),womens rifle,ole_miss
10,trump kristyn,"DuBois, Pa. (DuBois)",N/A,"DuBois, Pa. (DuBois)",Last Name,HOMETOWN (Last School),N/A,HOMETOWN (Last School),womens rifle,ole_miss
11,zakrzeski jillian,"Constantia, N.Y. (Paul V. Moore)",N/A,"Constantia, N.Y. (Paul V. Moore)",Last Name,HOMETOWN (Last School),N/A,HOMETOWN (Last School),womens rifle,ole_miss
